{"v":"5.2.1","fr":12,"ip":0,"op":12,"w":750,"h":750,"nm":"光@2x","ddd":0,"assets":[{"id":"image_0","w":750,"h":750,"u":"images/","p":"img_guang.png","e":0}],"layers":[{"ddd":0,"ind":1,"ty":2,"nm":"光.png","cl":"png","refId":"image_0","sr":1,"ks":{"o":{"a":0,"k":100,"ix":11},"r":{"a":0,"k":0,"ix":10,"x":"var $bm_rt;\n$bm_rt = mul(time, 42);"},"p":{"a":0,"k":[375,375,0],"ix":2},"a":{"a":0,"k":[375,375,0],"ix":1},"s":{"a":0,"k":[100,100,100],"ix":6}},"ao":0,"ip":0,"op":12,"st":12,"bm":0}],"markers":[]}